Time_us,accel_x,accel_y
1019592,-0.217388604254114,1.93683638606572
1039584,-0.329626041893274,1.71976913822832
1059576,-0.421849611943491,1.39359418651994
1079568,-0.462388703786016,1.13119481845907
1099560,-0.488951244974622,0.924935422240749
1119552,-0.508059698299225,0.769099952573206
1139544,-0.522484136655864,0.648302873877519
1159536,-0.53355385087489,0.552805034201153
1179528,-0.542783305507039,0.469984980793807
1199520,-0.604586532885725,0.444413327954801
1219512,-0.622953386187681,0.0269849106560705
1239504,-0.628931174146306,-0.128586888900892
1259496,-0.619566421156732,-0.195470915197526
1279488,-0.617007263100919,-0.227797409977842
1299480,-0.612654660814778,-0.246338290226195
1319472,-0.607757207478757,-0.258125801839994
1339464,-0.602120142472659,-0.266289584382268
1359456,-0.595762992580177,-0.272526063890282
1379448,-0.588520015587938,-0.271630408087093
1399440,-0.581507606373268,-0.272029591675758
1419432,-0.573266810450697,-0.26240577129135
1439424,-0.564544983774012,-0.257156158227492
1459416,-0.55585373296623,-0.249193011471676
1479408,-0.546815413570186,-0.244728910886803
1499400,-0.537169834247846,-0.237195258965226
1519392,-0.527289278636315,-0.232726593987898
1539384,-0.517037323925349,-0.229249947164457
1559376,-0.506917925195288,-0.221814744562695
1579368,-0.49602717170414,-0.212049782195564
1599360,-0.484986496354913,-0.205431749114057
1619352,-0.473700519608771,-0.200799095726314
1639344,-0.462392959604473,-0.192265416138269
1659336,-0.450586693903407,-0.190968206100127
1679328,-0.438903084332777,-0.184084774779291
1699320,-0.426620746245236,-0.179677889037557
1719312,-0.413632089998499,-0.17093222359526
1739304,-0.400484712134059,-0.16449142083278
1759296,-0.387241433157626,-0.159626865380433
1779288,-0.374171954740029,-0.155543886131723
1799280,-0.360394541126209,-0.151396886733465
1819272,-0.347114013327804,-0.147757385700187
1839264,-0.333461550339316,-0.144260200603478
1859256,-0.319865813223962,-0.136181541812328
1879248,-0.305693121787243,-0.130349582139608
1899240,-0.291496632953787,-0.125892060171592
1919232,-0.277495528162159,-0.125696413974519
1939224,-0.263423463272385,-0.119938876811179
1959216,-0.249007156375967,-0.114849024784388
1979208,-0.23463081215655,-0.110136832234786
2000033,-0.218744194526569,-0.101459146052839
2020025,-0.204039600875688,-0.0950519219137562
2040017,-0.189382976670155,-0.0902305870277792
2060009,-0.174739979075195,-0.086275108971649
2080001,-0.159842730829959,-0.0826186332746224
2099993,-0.145126998455723,-0.0801624375690804
2119985,-0.130280981849401,-0.0742174315799217
2139977,-0.115577948707082,-0.0702228862001377
2159969,-0.100558280416443,-0.0677266405123007
2179961,-0.0854470685742281,-0.0663792350125549
2199953,-0.0721736150576283,-0.0657297398329215
2219945,-0.0573694940234003,-0.0679112609262455
2239937,-0.0428498041708262,-0.0687550458749795
2259929,-0.0283771997497927,-0.0681103300412813
2279921,-0.0143067929710539,-0.0667860676531697
2299913,0.000213111378297137,-0.0649671603564362
2319905,0.0144959629164231,-0.0623976383055663
2339897,0.0287545231968443,-0.0593987390596364
2359889,0.0424701589364054,-0.0561964608283593
2379881,0.0563596126838589,-0.0525254384967423
2399873,0.0701638717340444,-0.0487908946202823
2419865,0.0840142208871469,-0.0423775910630554
2439857,0.0978630995409186,-0.0366347083910349
2459849,0.111513029358679,-0.0332184508558779
2479841,0.125024276222294,-0.0304297131384695
2499833,0.139105645618934,-0.0282357929626899
2519825,0.153151662657054,-0.0270396125160594
2539817,0.16706081182681,-0.0259713497093286
2559809,0.180612285240049,-0.024593184176482
2579801,0.193655082493551,-0.0241000408278603
2599793,0.20620208853126,-0.024277314404875
2619785,0.218224515020473,-0.0221211507284379
2639777,0.229985111415884,-0.020591093828947
2659769,0.241267055456984,-0.0195602503636267
2679761,0.25187073888992,-0.0170862148977913
2699753,0.261659923282426,-0.0134224026655465
2719745,0.270717177336439,-0.0104477687103265
2739737,0.278920020340857,-0.00858141526536816
2759729,0.286805092746116,-0.00592222398773978
2779721,0.293929641427888,-0.00129907398649169
2799713,0.300207270262078,0.00426840881094636
2819705,0.305660965790636,0.00820570634948586
2839697,0.310318367667319,0.0126722705903523
2859689,0.314483349882219,0.0188147690460271
2879681,0.31820630335406,0.0234075382406685
2899673,0.322372065077485,0.0266721183244139
2919665,0.325446481879574,0.0306579757123958
2939657,0.328240929340076,0.0360893320458805
2959649,0.330178379205764,0.0402544281165986
2979641,0.331589271808762,0.0431702057515892
2999633,0.332664406502558,0.045837532260961
3019625,0.333080837516136,0.0478994673482442
3039617,0.333114674892578,0.0493273282816317
3059609,0.33236470576635,0.0502861657017407
3079601,0.331138818974238,0.0509749720370974
3099593,0.330834031756226,0.0515609482227379
3119585,0.330436442230195,0.0523972242905941
3139577,0.326993764272813,0.0517332678944199
3159569,0.325538489844831,0.0521146624073998
3179561,0.323567890181162,0.0523730518304572
3199553,0.321054759438661,0.0524999238850457
3219545,0.318613291350451,0.05256699541517
3239537,0.315458982954461,0.0526052275336983
3259529,0.312403724312381,0.0527891841666868
3279521,0.308697678448031,0.0530086061080042
3299513,0.305405686318321,0.0540387541599226
3319505,0.301723970327293,0.0548142466341455
3339497,0.299955711147281,0.0563915872400535
3359489,0.295606016399373,0.0572549520538086
3379481,0.291166388427112,0.0580416074778932
3399473,0.286819818692787,0.0585470879710865
3419465,0.281915526914011,0.0590627289627075
3439457,0.277236012790188,0.0592687820932099
3459449,0.271906833924251,0.0594332649180711
3479441,0.267121847679695,0.0596295164030998
3499433,0.262932847708567,0.0601478609802809
3519425,0.258257761531522,0.0607556740055305
3539417,0.253669422066936,0.0614241085065659
3559409,0.248770943135763,0.0620466000537066
3579401,0.243835584213225,0.0626029546458363
3599393,0.238995564453227,0.0631015792815977
3619385,0.23403998258746,0.063488740125863
3639377,0.228851337385227,0.0641423135165672
3659369,0.223808816970576,0.0646702529797316
3679361,0.218475925413112,0.0653927071839101
3699353,0.213214615494832,0.0665212022996253
3719345,0.208170018952552,0.0674732712781047
3739337,0.203099125054704,0.0683434457370355
3759329,0.198232683898994,0.0688650763093719
3779321,0.193418258863908,0.0690787755175964
3799313,0.188225067405043,0.0694622261505672
3819305,0.183087846075453,0.0702954017396988
3839297,0.177909802883531,0.0709830387013039
3859289,0.172899055883539,0.0711550864470976
3879281,0.167783221970414,0.0712247200162216
3899273,0.163115869557631,0.0723373539040967
3919265,0.158269218056631,0.0731202116186907
3939257,0.153206020596689,0.0739054300939592
3959249,0.148659971471582,0.0747005850181747
3979241,0.14394054619472,0.0755959702784695
3999233,0.139436673597381,0.076514556541029
4019225,0.135137644011431,0.0768572349249968
4039217,0.130892792218327,0.0772026361669449
4059209,0.126668523820894,0.0779777103190611
4079201,0.12243361125633,0.0786060326998204
4100026,0.117261838520566,0.0798316866908383
4120018,0.112960184702505,0.0805323524282663
4140010,0.109287244939237,0.0815258389031091
4160002,0.105138361043729,0.0820593641325024
4179994,0.101343043209523,0.0826732557263654
4199986,0.0974071453693711,0.0832786435855978
4219978,0.0935963844526296,0.0838607659160285
4239970,0.0897731187307553,0.0844085581552728
4259962,0.0859096510791891,0.0847101375959074
4279954,0.0822704626888148,0.0852284094986294
4299946,0.0796668162190266,0.0854696791384882
4319938,0.0765791327524766,0.0864271109077375
4339930,0.0731278573228979,0.0871343702049066
4359922,0.0697953852482728,0.0880129753742079
4379914,0.0663040278708346,0.08901129237074
4399906,0.0633147035728896,0.0897337298819996
4419898,0.0600198807226818,0.0904475211014939
4439890,0.0576149321472811,0.0909721196530664
4459882,0.0554485316692401,0.0914051733579114
4479874,0.0530370510461081,0.0916394943270539
4499866,0.0506042630107768,0.0926543199547661
4519858,0.0485542105078835,0.0935413809885894
4539850,0.046072173092958,0.0937364122471899
4559842,0.0439741583164984,0.0943627621431064
4579834,0.0418453918038714,0.0944479311220016
4599826,0.0395710468898709,0.0948879232134277
4619818,0.0379814321531231,0.0951170196880981
4639810,0.0354703165928928,0.0948642979511627
4659802,0.0328191938806573,0.0931892585261229
4679794,0.0308755360494275,0.0898025438961909
4699786,0.0280780557723355,0.0860138665742044
4719778,0.0249694226827507,0.0814383136189911
4739770,0.022729972914871,0.0782931149188686
4759762,0.0204755161329839,0.075857139647873
4779754,0.0186106264421901,0.0739945787112007
4799746,0.0168451521089375,0.0723453453063321
4819738,0.014929834644474,0.0696001752292973
4839730,0.0133659487057704,0.0665638754470001
4859722,0.0123625070718241,0.0640944963967784
4879714,0.0110387321368019,0.0627396641900352
4899706,0.00974048906531783,0.0616365065983698
4919698,0.00875704287725769,0.0608703366124518
4939690,0.00756164480985065,0.0587739182525201
4959682,0.00630019665888376,0.0554360025239267
4979674,0.00512925420922206,0.0515942469148194
4999666,0.00421585970717194,0.0470746130109977
5019658,0.00331218482795164,0.0437406842719353
5039650,0.00268453947444311,0.0413448990994999
5059642,0.00206074107494925,0.0399577114005777
5079634,0.00140269304805383,0.038675299212877
5099626,0.000610473397792134,0.0384464178118979
5119618,-0.000413077260648398,0.0386706850617613
5139610,-0.00105959258388355,0.0389857395783933
5159602,-0.0015366642202507,0.0393512968350327
5179594,-0.00232928915662337,0.0399951763867571
5199586,-0.0032095600226202,0.0406297848775772
5219578,-0.00255876220723835,0.0410120611328943
5239570,-0.00331021667877221,0.0415842223449637
5259562,-0.00439892694078807,0.0419304807210566
5279554,-0.00522732801414841,0.042561857509289
5299546,-0.00630738475515273,0.0434525198444381
5319538,-0.00740147429709374,0.0441128923729695
5339530,-0.0086627991088339,0.0448359547551409
5359522,-0.00984017705147547,0.0457471785082926
5379514,-0.0106027841860873,0.0463245943556829
5399506,-0.0113011300860571,0.0469581351311256
5419498,-0.0135340196097898,0.0478439485076115
5439490,-0.0142710633663908,0.048263200240257
5459482,-0.0147396017959864,0.048798333411472
5479474,-0.0154015509060065,0.0493531213736731
5499466,-0.0161498701573313,0.0501351407924014
5519458,-0.0162762463653691,0.0506149094162422
5539450,-0.0164123874666383,0.0512680475525359
5559442,-0.016492978615718,0.05177849484054
5579434,-0.0165329660746129,0.0521698471950706
5599426,-0.0167683790881427,0.0526004994952137
5619418,-0.0164779296861155,0.0530694295510471
5639410,-0.016287643515245,0.0534954112365408
5659402,-0.0165029629317793,0.0537969812782578
5679394,-0.0162993670474424,0.0543539805973671
5699386,-0.0162898798903839,0.0545390594269552
5719378,-0.0165837320193897,0.0551165968178626
5739370,-0.0166993168136658,0.05387386779897
5759362,-0.0168205605844863,0.0527654422674589
5779354,-0.017009889015297,0.0521373462849685
5799346,-0.0167640678909647,0.0498196457331863
5819338,-0.0170536022471401,0.046541395085655
5839330,-0.0169726487345749,0.0425050874598931
5859322,-0.0166080967509958,0.0375429164719243
5879314,-0.0163182395042394,0.0335596241120099
5899306,-0.0163581251329005,0.031249637472612
5919298,-0.0163272410002807,0.0277642411391491
5939290,-0.0164874760793172,0.0250496469028443
5959282,-0.0166690631359449,0.0214015850789811
5979274,-0.0167855936620352,0.0170798173013181
5999266,-0.0168446933158679,0.0139028808436552
6019258,-0.0205365903645084,-0.0960838961046057
6039250,-0.0244577106205569,-0.19125764073381
6059242,-0.0280042295384474,-0.272259001571051
6079234,-0.0313775829933409,-0.343128540806495
6099226,-0.0348331988200501,-0.404593455945401
6119218,-0.0383224534198735,-0.456088376244101
6139210,-0.0414301048281992,-0.4986967610765
6159202,-0.0439811499926864,-0.534025472230753
6180027,-0.0467227861474191,-0.562816542453496
6200019,-0.0492999119231284,-0.586350825296814
6220011,-0.0479179156938227,-0.497708141761851
6240003,-0.0463239934972121,-0.419863686209577
6259995,-0.044643680877406,-0.352312776968633
6279987,-0.0430697312919985,-0.293756076870102
6299979,-0.0418756276043532,-0.2432453369734
6319971,-0.0401056702554215,-0.200240409192567
6339963,-0.038622787669708,-0.163793674589224
6359955,-0.0375114776048387,-0.132762110959346
6379947,-0.0360462418093818,-0.107119210780623
6399939,-0.0347754918243737,-0.085708508685954
6419931,-0.0332032009332432,-0.067951294735932
6439923,-0.0319257014692793,-0.0527918054873943
6459915,-0.0308653526751241,-0.0402725004882784
6479907,-0.0299365659708729,-0.0298990202092391
6499899,-0.029027460109407,-0.0218415923334035
6519891,-0.0285284170513512,-0.0151826248039199
6539883,-0.0276562713246251,-0.00967700363748049
6559875,-0.0267680970874126,-0.0052223006376913
6579867,-0.026109245498345,-0.00173846346681255
6599859,-0.0254871874950763,0.00134516406653158
6619851,-0.0248499609850743,0.00358559815903612
6639843,-0.0244212372774658,0.00498520778683365
6659835,-0.023549103825752,0.00638643399351029
6679827,-0.0225790226346519,0.00731755383101225
6699819,-0.0220059013338075,0.00824671740668939
6719811,-0.021110933330195,0.00903015786761164
6739803,-0.0206173763146857,0.00928375309104093
6759795,-0.0198589478739987,0.00911059985414864
6779787,-0.0191519395743562,0.00949700849429068
6799779,-0.0183583006184198,0.00979162206425618
6819771,-0.0176304696500316,0.00985731199240865
6839763,-0.0165178589569933,0.0100725204817962
6859755,-0.0160021149382899,0.00989253686659859
6879747,-0.0155755044882451,0.00970264807682311
6899739,-0.0151390929858419,0.00950797583744303
6919731,-0.0146406970693567,0.00967399100805758
6939723,-0.0139519141198059,0.00996152915370582
6959715,-0.0136150966345344,0.0104369079955247
6979707,-0.0133754315236842,0.0104804415751127
6999699,-0.0129384983659676,0.0101726098196346
7019691,-0.0124876596764423,0.0100502648421332
7039683,-0.0123593326090677,0.0101821855437148
7059675,-0.011957788314975,0.0105061755171131
7079667,-0.0117513683892672,0.0105058166828069
7099659,-0.0113757861932812,0.00990320554653463
7119651,-0.0101210551038319,0.0148709023531305
7139643,-0.00697612007192699,0.0323374154446317
7159635,-0.00114258458252093,0.0699188657835485
7179627,0.00723327270681829,0.133496135675313
7199619,0.0177783549147956,0.226165470760343
7219611,0.0309745607594614,0.349094440462678
7239603,0.0474501517275213,0.50336780994589
7259595,0.0663916800005192,0.690452701169133
7279587,0.0886168229924891,0.911671825984777
7299579,0.11196560439674,1.16678290168369
7319571,0.137783975867078,1.42986030466606
7339563,0.164629988691,1.73150462684352
7359555,0.192573997401376,2.04553697383604
7379547,0.22149230014086,2.36632582202912
7399539,0.252092119507282,2.69081589599529
7419531,0.283428995835932,3.01765146390352
7439523,0.315565934468544,3.34555864903659
7459515,0.334324828728228,3.6708989063399
7479507,0.341654267419129,3.98340400470646
7499499,0.339727616328325,4.27005981294435
7519491,0.329812068525026,4.55023122728619
7539483,0.313289263690681,4.78200719467545
7559475,0.292519186401628,4.98037345841669
7579467,0.266718773080359,5.14388775634768
7599459,0.237086884868673,5.2702780754253
7619451,0.204061270674209,5.35906283595044
7639443,0.167404139254242,5.41018735955305
7659435,0.141804857174872,5.42564672711695
7679427,0.12230458957689,5.41519412644737
7699419,0.108961511804915,5.37912693275355
7719411,0.0998880715367558,5.32980801703189
7739403,0.0942774363369896,5.27248650377708
7759395,0.0865545039225405,5.21084878614926
7779387,0.0802500635124769,5.14502511419353
7799379,0.0737898114016619,5.07794617630302
7819371,0.0667136066577773,5.01010500605036
7839363,0.0565052141113778,4.94234018517431
7859355,0.0457666855899707,4.87349231067757
7879347,0.0368973337803774,4.80361984313436
7899339,0.0295531443764925,4.73508230550391
7919331,0.0213024582910006,4.66803284427829
7939323,0.011949320975664,4.60192426878747
7959315,0.00176005939648487,4.53722859445333
7979307,-0.00890445098307266,4.47313755025751
7999299,-0.0204484457148576,4.40978275662345
8019291,-0.0325482641367296,4.34748416435273
8039283,-0.0424522181834176,4.2853256140675
8059275,-0.0532541497143422,4.22518977246432
8079267,-0.0648820712465769,4.16680048162294
8099259,-0.0735614821068426,4.10947319331374
8119251,-0.0829351353004424,4.05298593141493
8139243,-0.0943418685640855,3.9980641359238
8159235,-0.103337275204657,3.94120707219627
8179227,-0.112545094017333,3.88514631054098
8199219,-0.121787871608523,3.82891392201185
8219211,-0.131443405681308,3.77328395363612
8239203,-0.140844423873155,3.71784525343711
8260028,-0.1520612588055,3.66562125486165
8280020,-0.161523376117143,3.60948846968677
8300012,-0.168884884717694,3.55408336804702
8320004,-0.176531772350047,3.49792565057854
8339996,-0.179784693969359,3.43909718072281
8359988,-0.186006592776649,3.38510430361223
8379980,-0.189851671328882,3.3301695965353
8399972,-0.194301782548523,3.27748096270414
8419964,-0.198844484141071,3.22575681083182
8439956,-0.204175811268229,3.17482421537257
8459948,-0.207661235143541,3.12128567351511
8479940,-0.212899677203344,3.07195022556263
8499932,-0.216831918827879,3.02361990391271
8519924,-0.220008199343137,2.97547844247024
8539916,-0.22366049732686,2.92664881331496
8559908,-0.224968841255325,2.87643120758575
8579900,-0.228916906457963,2.82910870883228
8599892,-0.232746149080121,2.78146271872255
8619884,-0.234404778971348,2.73032381103818
8639876,-0.236337320935639,2.68090662279212
8659868,-0.238212136370267,2.6324438600223
8679860,-0.240081748025274,2.58471922128735
8699852,-0.24005312046957,2.53560632172865
8719844,-0.240612223287384,2.48873034299969
8739836,-0.241181135583244,2.44265422900758
8759828,-0.241768561482315,2.39758386651841
8779820,-0.240897490144319,2.3500346001725
8799812,-0.240292558386243,2.30472718607554
8819804,-0.240114638682783,2.26080954685749
8839796,-0.237924515726794,2.21464013214854
8859788,-0.236624239426176,2.17083805345193
8879780,-0.233424294232763,2.12548787091425
8899772,-0.231473684119099,2.08469918240849
8919764,-0.230099536468154,2.04575864826107
8939756,-0.229259658868774,2.00825198080261
8959748,-0.226848556497675,1.96871432382274
8979740,-0.224522130469804,1.93140132324473
8999732,-0.222793075405391,1.89649811209537
9019724,-0.221206111859124,1.86315216067337
9039716,-0.219107153096946,1.83139337356281
9059708,-0.217423642458274,1.80166883955769
9079700,-0.217588618618479,1.77726743472075
9099692,-0.217112578570411,1.75451251177051
9119684,-0.216174484305245,1.73279287918507
9139676,-0.216332513806722,1.7152374900354
9159668,-0.21702184028468,1.70112136862549
9179660,-0.220114598809072,1.6936395789903
9199652,-0.220550019716193,1.68259001242429
9219644,-0.223334593419218,1.67744905123618
9239636,-0.227951244893495,1.67585914721884
9259628,-0.230617390482095,1.67280632379872
9279620,-0.232638884551984,1.66818438683937
9299612,-0.238205622551505,1.66843175097143
9319604,-0.243682972792229,1.6705752036577
9339596,-0.249382512266894,1.67359355631073
9359588,-0.253430241922039,1.67272463034727
9379580,-0.255793779661039,1.66889867109546
9399572,-0.259129306173536,1.66015025992381
9419564,-0.260287414091225,1.65529401545168
9439556,-0.260044766257336,1.64816020254197
9459548,-0.260564837208921,1.6434827914686
9479540,-0.259268185741844,1.63609571492853
9499532,-0.261964818138263,1.63196565978798
9519524,-0.261262631275662,1.62049014673182
9539516,-0.259411398729937,1.60790607300299
9559508,-0.257055033441651,1.59377482489786
9579500,-0.253891110203125,1.57885648291607
9599492,-0.248698354650712,1.5655410318663
9619484,-0.243228106567847,1.5457883213607
9639476,-0.237732130042014,1.52606519741386
9659468,-0.23013516325662,1.50160072691437
9679460,-0.222266855930172,1.47381305483664
9699452,-0.215295766003954,1.44458227891922
9719444,-0.208794799665391,1.41735459483946
9739436,-0.199791881767795,1.38286420316992
9759428,-0.191010158473727,1.34758074919493
9779420,-0.181892161287574,1.31175374985392
9799412,-0.172744068215368,1.27509224725554
9819404,-0.162274792377359,1.23325924999976
9839396,-0.151547390060211,1.19196136202903
9859388,-0.140661350420499,1.1467556075601
9879380,-0.12967530137621,1.10300668761594
9899372,-0.119651957007245,1.05707566052405
9919364,-0.109285038141426,1.00866457533478
9939356,-0.099448558537441,0.959182035949227
9959348,-0.0897007238417723,0.912888967278819
9979340,-0.079113040114126,0.864441519073492
9999332,-0.0689930042050489,0.81840122161477
10019324,-0.0590681393791277,0.770062955322425
10039316,-0.0484282914536337,0.719900977077826
10059308,-0.03754950733792,0.669088539107304
10079300,-0.0272248494951907,0.618133668107666
10099292,-0.0178411294452142,0.571286217836722
10119284,-0.00838515589176239,0.52304296737721
10139276,0.000593583967963673,0.477911197160587
10159268,0.010114636954927,0.430705812697799
10179260,0.0196817315603589,0.378584528307477
10199252,0.0295096687231872,0.328357503733138
10219244,0.0394835098889095,0.28607589019222
10239236,0.0492122635378265,0.23881569416586
10259228,0.0591028653595933,0.195142869633621
10279220,0.069396492464893,0.15408405606134
10299212,0.0783093253081687,0.111366389725862
10319204,0.0878414166898423,0.0711237620582583
10340029,0.0991804556469951,0.0290852920146921
10360021,0.108958822164903,-0.0106658769568966
10380013,0.118824702340278,-0.0482769385264108
10400005,0.129289599439327,-0.0855317472069985
10419997,0.139384217366228,-0.128448000653142
10439989,0.14996956040474,-0.165361565571129
10459981,0.160053926866784,-0.204157560711935
10479973,0.170195205460859,-0.24096132879514
10499965,0.179767358746727,-0.278783932545047
10519957,0.188654628113221,-0.316590919469532
10539949,0.196342935614688,-0.348668281204436
10559941,0.204910884818641,-0.382262278854623
10579933,0.213270632998047,-0.413125536596629
10599925,0.22076958441077,-0.44502406092654
10619917,0.228339086214067,-0.47340224732225
10639909,0.235616463158464,-0.500247344562652
10659901,0.242527008636538,-0.525022052258269
10679893,0.248751163515435,-0.551257572669858
10699885,0.254950888006088,-0.574383437007221
10719877,0.26083407625038,-0.595443141289452
10739869,0.265572187291511,-0.616825360035861
10759861,0.269960043033199,-0.634912698687381
10779853,0.274278227394146,-0.650725669229866
10799845,0.278620978488887,-0.663701950797905
10819837,0.28212561037463,-0.677056276798197
10839829,0.285145756181767,-0.692508881514914
10859821,0.287997042801282,-0.706770815027935
10879813,0.290285655274464,-0.719697012309766
10899805,0.292561613157536,-0.73154960363379
10919797,0.294229718349597,-0.742624226178754
10939789,0.295724484443222,-0.753100483601062
10959781,0.297026893928873,-0.763290703204013
10979773,0.297605085183629,-0.773431970045384
10999765,0.297588826461407,-0.784393322219842
11019757,0.259881879261277,-0.846952531511933
11039749,0.223020073148706,-0.899509070521773
11059741,0.18742386818094,-0.943428771260252
11079733,0.152959192989027,-0.980161231260118
11099725,0.119868286400827,-1.01124942497273
11119717,0.0878421998123159,-1.03732649988135
11139709,0.0566749226430974,-1.05918332389711
11159701,0.026127252799618,-1.07745795070447
11179693,-0.00369065806198746,-1.09087998932618
11199685,-0.0324967245349935,-1.10025209658579
11219677,-0.0229935648194437,-1.05501641706914
11239669,-0.0146158911343797,-1.01516877430736
11259661,-0.00684053585136378,-0.980022570159921
11279653,0.000131260183844184,-0.949456519591143
11299645,0.00700104435904508,-0.92264671704024
11319637,0.013333743681761,-0.898804316312061
11339629,0.01893873810561,-0.877923444465698
11359621,0.0243026052322053,-0.859489747333754
11379613,0.0292442019298133,-0.845173382584811
11399605,0.0334165765931495,-0.833797622648941
11419597,0.0370381521123098,-0.823076268569548
11439589,0.0403433491562828,-0.814616232306749
11459581,0.0429661209630877,-0.808642716095621
11479573,0.0443681853547765,-0.799873486339467
11499565,0.0470936924248178,-0.796775131745973
11519557,0.049328260732251,-0.79501041444511
11539549,0.0513459050119834,-0.793963187952847
11559541,0.0532960414423876,-0.793627815242905
11579533,0.054446576686883,-0.793211616098279
11599525,0.0551411730453412,-0.791424718712109
11619517,0.0554657355886809,-0.78825310662058
11639509,0.0561268158126259,-0.784725326126045
11659501,0.0564388701123074,-0.78015491537776
11679493,0.057411112651342,-0.779020669642456
11699485,0.0569811644939877,-0.773441540561017
11719477,0.0567644879105718,-0.767590381436858
11739469,0.0567342176924071,-0.761121243095707
11759461,0.0562856608482996,-0.7545089835554
11779453,0.0558524009426727,-0.747834259322379
11799445,0.0552780491384627,-0.743144877213682
11819437,0.0548184079446652,-0.739590020774484
11839429,0.0535965193383816,-0.736751295925144
11859421,0.0523182328099668,-0.732996452179253
11879413,0.0510605506884016,-0.728549217546934
11899405,0.0501128888354523,-0.723701760218244
11919397,0.0486913037747607,-0.718411836747569
11939389,0.0470462396097226,-0.712574673493506
11959381,0.0451478156096029,-0.706289688172721
11979373,0.0434474507351417,-0.700148005419205
11999365,0.0420262773568472,-0.693437838102913
12019357,0.0405585304774881,-0.687057578999903
12039349,0.0393548931905787,-0.680456675741882
12059341,0.0380983625930882,-0.675218309955222
12079333,0.03680215393598,-0.671410308797996
12099325,0.0349029207789721,-0.66866399698436
12119317,0.0330202771351598,-0.665103669260262
12139309,0.0311854808050953,-0.660975222759192
12159301,0.029418517696579,-0.656141183843933
12179293,0.027447220512989,-0.65035596844229
12199285,0.0251466947595766,-0.644830196245918
12219277,0.0230180482811918,-0.638516210196962
12239269,0.0205137855578811,-0.632064117249633
12259261,0.0185035969347374,-0.625502143026968
12279253,0.0164144144855259,-0.61908385952867
12299245,0.0149854538776795,-0.612885432610596
12319237,0.0133442523130399,-0.607968732868538
12339229,0.0114456124897944,-0.602643621684503
12359221,0.00953454878067741,-0.596950048425078
12379213,0.00793590586289841,-0.591174857569117
12399205,0.00646889902042124,-0.584751904798642
12420030,0.00474704578606472,-0.578801581449893
12440022,0.00337096543072778,-0.572383421615604
12460014,0.00172293172988136,-0.565621402402349
12480006,-0.000112197223337655,-0.558436328677294
12499998,-0.00198065478994317,-0.551640868381429
12519990,-0.00372177098047777,-0.544750820733973
12539982,-0.00520284159953569,-0.539527699527001
12559974,-0.00723481861614058,-0.535788068441171
12579966,-0.00917730477833028,-0.531538355139085
12599958,-0.011061675927412,-0.526524640598165
12619950,-0.0130180043516651,-0.52091288259012
12639942,-0.0148134574250394,-0.514951550803783
12659934,-0.0165731477029885,-0.509211709690462
12679926,-0.0179667806534752,-0.50329088411473
12699918,-0.0195849232896603,-0.497084693483634
12719910,-0.0208309463389148,-0.491267733872611
12739902,-0.0223027491937397,-0.484883311851292
12759894,-0.0232072046038754,-0.478886912402274
12779886,-0.0240304345424891,-0.472242542073084
12799878,-0.0249820627726396,-0.466051127218967
12819870,-0.0257393987834637,-0.459779843962472
12839862,-0.0268145767504992,-0.453194434905228
12859854,-0.0277069220409225,-0.446569856395336
12879846,-0.0284569213630062,-0.439971148188194
12899838,-0.0290935840715231,-0.433825946294756
12919830,-0.0299505692259631,-0.427097249735975
12939822,-0.0307090931403961,-0.420927896849969
12959814,-0.0311810120506432,-0.414006363119245
12979806,-0.0320932822789221,-0.409418263340644
12999798,-0.0327248656094937,-0.406016524620376
13019790,-0.0334524028584563,-0.40192098203244
13039782,-0.0338172516679045,-0.397718404523322
13059774,-0.0343857508809394,-0.39310631931048
13079766,-0.0352137289658374,-0.38800218546449
13099758,-0.0356669079317198,-0.382930372262383
13119750,-0.0359819901852577,-0.377800090996066
13139742,-0.0362922699044167,-0.372135204972952
13159734,-0.036991456960459,-0.366461341889298
13179726,-0.0371233785306256,-0.360284059888345
13199718,-0.0376473444209794,-0.353981127733715
13219710,-0.0383009059010175,-0.349443456212382
13239702,-0.0391241669209747,-0.346341701588071
13259694,-0.0399898577328002,-0.342309212031425
13279686,-0.0406424706640394,-0.33783627442184
13299678,-0.041659249220479,-0.332930433367024
13319670,-0.0425760774816727,-0.327435482966546
13339662,-0.0434059629274633,-0.322100074052671
13359654,-0.0441498461799212,-0.316403234517798
13379646,-0.0451122882115048,-0.310962693807347
13399638,-0.0456916915749027,-0.305173545742968
13419630,-0.0461537996710278,-0.299026928391026
13439622,-0.0463797014882911,-0.292743266795021
13459614,-0.0469075510065082,-0.287803074920908
13479606,-0.047150511713242,-0.284677603586053
13499598,-0.0469216759346502,-0.281411910744113
13519590,-0.0469300704087019,-0.277737727335574
13539582,-0.0472505199309244,-0.273243238821893
13559574,-0.0470467450545362,-0.267593344035819
13579566,-0.0466334147484534,-0.262279758443256
13599558,-0.0467239539158286,-0.25683704072595
13619550,-0.0468790448628925,-0.251081893025375
13639542,-0.0468738432673593,-0.245477245910424
13659534,-0.0466855595554212,-0.239947216923347
13679526,-0.046555880749622,-0.233907970075137
13699518,-0.0464868096211558,-0.229305917332535
13719510,-0.0463372248408601,-0.225923522617931
13739502,-0.0460961760301419,-0.223527793406473
13759494,-0.046001594376913,-0.223331634315045
13779486,-0.0461789083532259,-0.221205510439431
13799478,-0.0458849248272411,-0.217873453184844
13819470,-0.0453541878005663,-0.214187390350248
13839462,-0.044920856721604,-0.209605790684855
13859454,-0.0445829040417463,-0.204666868280896
13879446,-0.0444755410235899,-0.199333697612283
13899438,-0.0438831330675773,-0.193819884863137
13919430,-0.0435773783887466,-0.188235345104827
13939422,-0.0420125151025697,-0.18118321250378
13959414,-0.0419889088032285,-0.18328181628052
13979406,-0.0422664700996902,-0.186638045064356
13999398,-0.0415591772485082,-0.184985766831708
14019390,-0.0387349153431572,-0.168837582060759
14039382,-0.0336516134070253,-0.131278972880177
14059374,-0.0259238370350873,-0.0672639081737066
14079366,-0.01569483277201,0.0259609747264799
14099358,-0.00309226785987329,0.150003589699043
14119350,0.0124906390651405,0.305972447954188
14139342,0.0285761893902663,0.493600893174963
14159334,0.0487512138700472,0.722667714475305
14179326,0.0718735672166605,0.983339742429982
14199318,0.0972325885647926,1.26976507339395
14219310,0.123664967721672,1.5734407869968
14239302,0.151041680417096,1.88741697226765
14259294,0.179215558677681,2.20579751568022
14279286,0.206154084171415,2.52648874858717
14299278,0.233473360198639,2.84247408214641
14319270,0.264739303136812,3.15545094233172
14339262,0.290089084058487,3.46549049315719
14359254,0.302342963399763,3.76827340813607
14379246,0.30456808247134,4.05506072793075
14399238,0.297091539701421,4.31810161138567
14419230,0.284229833743145,4.55174244741455
14439222,0.264019735100783,4.7536336769261
14459214,0.239904030944595,4.92045148563958
14479206,0.213616964154533,5.05128856910408
14500031,0.181220142842354,5.14655097472518
14520023,0.142499628428855,5.20283515384636
14540015,0.107559511885188,5.22361066366041
14560007,0.0823595524157723,5.2135901026334
14579999,0.0638234360948958,5.18170406271301
14599991,0.0489833668118143,5.13546710465635
14619983,0.0356473184557202,5.07894461359845
14639975,0.0261574209266655,5.01460833764681
14659967,0.016582788345325,4.94672862246465
14679959,0.00708929208373366,4.87678295973563
14699951,-0.000303639909787456,4.79969356150661
14719943,-0.00929691304721982,4.72689006634509
14739935,-0.0190469490876637,4.65388888226524
14759927,-0.0295254828872134,4.58230774468166
14779919,-0.0406450542182345,4.51175303317873
14799911,-0.0500303851990847,4.44216984805836
14819903,-0.0601992687979786,4.37497014041123
14839895,-0.0715102984888727,4.31003807211863
14859887,-0.0833671686321377,4.24721529490441
14879879,-0.0957778408934161,4.18571646445751
14899871,-0.106426864006215,4.12604233420178
14919863,-0.117486480874113,4.06777077068798
14939855,-0.128542586710957,4.01074264106694
14959847,-0.139908054585008,3.95448853411761
14979839,-0.151418814054847,3.89845221933204
14999831,-0.163208848549298,3.84268419810421
15019823,-0.172563955960844,3.785730421422
15039815,-0.182299969855811,3.73061096015908
15059807,-0.192381581610443,3.67645669259068
15079799,-0.202529424965386,3.623456780722
15099791,-0.210527673018667,3.57249098389195
15119783,-0.21838261959738,3.52145361292135
15139775,-0.226430838050166,3.47060586054861
15159767,-0.232331300780028,3.4174865394755
15179759,-0.238393880605188,3.36598893821541
15199751,-0.244266743529806,3.31578704432859
15219743,-0.252740311167435,3.26771406667381
15239735,-0.260861563649649,3.21886997603585
15259727,-0.266141283915228,3.16709476234328
15279719,-0.271700289050273,3.11582564822175
15299711,-0.275515166821894,3.06653997812105
15319703,-0.27737504940417,3.01520593190572
15339695,-0.279753446425496,2.96569037747088
15359687,-0.284101509500505,2.91951515389561
15379679,-0.286144203197456,2.87012251839612
15399671,-0.288756268421318,2.8218204293166
15419663,-0.288901698654228,2.77133642573629
15439655,-0.289783537856424,2.72286779657636
15459647,-0.291226905848821,2.67573390183933
15479639,-0.292535289884951,2.629581550773
15499631,-0.291266690575685,2.58274347350694
15519623,-0.292355066908656,2.540707735499
15539615,-0.291531109853763,2.49527118920027
15559607,-0.288604439050148,2.44810801752389
15579599,-0.288689103899489,2.40637928047752
15599591,-0.28678954040107,2.36171821118263
15619583,-0.285224785406735,2.31822911994165
15639575,-0.271627383908433,2.26097537929912
15659567,-0.271285123677864,2.22141838414568
15679559,-0.269030687803189,2.17919141335447
15699551,-0.266029206208575,2.13951350639942
15719543,-0.261812068987272,2.09818214582587
15739535,-0.25761387725479,2.05954654437996
15759527,-0.254444109878616,2.02321061246883
15779519,-0.251628890864925,1.98902147504171
15799511,-0.24878148343737,1.95612344095603
15819503,-0.246146803950538,1.9249631988193
15839495,-0.253351275792481,1.9068404535466
15859487,-0.250045755941598,1.87810829353814
15879479,-0.246094166229679,1.85052971441007
15899471,-0.24505401546873,1.82944262906509
15919463,-0.242687037712556,1.80764829252304
15939455,-0.244545686003419,1.79370510408126
15959447,-0.244260268187446,1.77664709122509
15979439,-0.242373439502751,1.75826845066626
15999431,-0.241719275236342,1.74326522028843
16019423,-0.127532143123861,1.05617242543004
16039415,-0.0545128780103828,0.563849629706656
16059407,-0.011915397185974,0.215873782149975
16079399,0.00602097096716038,-0.0244709200130262
16099391,0.00469222198108773,-0.187959380305491
16119383,-0.00826313813540124,-0.299804348750265
16139375,-0.0248533217197891,-0.384021162156217
16159367,-0.0507483010502425,-0.436341457241307
16179359,-0.0801110646430885,-0.471524402280296
16199351,-0.111597364402114,-0.4953371685551
16219343,-0.258553690059412,0.162247070479037
16239335,-0.367194921187872,0.635939456225143
16259327,-0.442390554826997,0.963488308788086
16279319,-0.49510463228126,1.19073720365412
16299311,-0.530394811368289,1.34426466616678
16319303,-0.55432750335322,1.45011711621364
16339295,-0.569242824409647,1.5220486604494
16359287,-0.576087806550871,1.56560548766741
16379279,-0.57570334380169,1.58553932383601
16399271,-0.571459448499686,1.59366946291058
16419263,-0.566118700379968,1.59848078219881
16439255,-0.555405783777519,1.58652004772094
16459247,-0.544520498399057,1.57312882868279
16479239,-0.532037386441287,1.55829496280642
16499231,-0.519833491483821,1.53833913192404
16519223,-0.506411653840981,1.51415724219149
16539215,-0.492175970497285,1.48705451356346
16559207,-0.477040629196657,1.45766431349688
16580032,-0.461995870723893,1.42734904459434
16600024,-0.446763347732273,1.39438498851055
16620016,-0.429962049947274,1.35560971833559
16640008,-0.414569483829258,1.32222245959033
16660000,-0.398280009385769,1.28263495303155
16679992,-0.381041536020026,1.23857260478974
16699984,-0.365373610260134,1.19265359001897
16719976,-0.349517117013284,1.14483468519101
16739968,-0.334602135490303,1.10004093511325
16759960,-0.319270024898243,1.05279187559314
16779952,-0.304816539372392,1.00708167739515
16799944,-0.289808030965005,0.959604556915292
16819936,-0.274637230436326,0.910038575631981
16839928,-0.258763383858127,0.854670823321935
16859920,-0.243626733730769,0.804243449026163
16879912,-0.228584757163312,0.752533428319335
16899904,-0.215175670073036,0.701000269963831
16919896,-0.202141771082316,0.652874283020139
16939888,-0.188425745278091,0.598668827658044
16959880,-0.174755383150256,0.545397505001619
16979872,-0.16130654802539,0.496344039664614
16999864,-0.148329156620536,0.442705864295885
17019856,-0.134461766780792,0.39028815670557
17039848,-0.121545081213603,0.343007770801102
17059840,-0.10830679607949,0.29507636298835
17079832,-0.0951307317967775,0.247080058422643
17099824,-0.0829266816092409,0.203422635542357
17119816,-0.0704473760230977,0.15837612054033
17139808,-0.0577290297542554,0.116311342181709
17159800,-0.0454218733191059,0.0727264521960856
17179792,-0.0330372379932423,0.0283433092037698
17199784,-0.019959933398023,-0.00921491596352973
17219776,-0.00758882857890524,-0.0497431283981511
17239768,0.00549293551480052,-0.088910581450589
17259760,0.0183057893873118,-0.130230170902232
17279752,0.0316112883493564,-0.169621149313944
17299744,0.0439821049281224,-0.210394781956852
17319736,0.056527876773907,-0.251439123021703
17339728,0.0689185139562899,-0.289505484574751
17359720,0.0810837353744771,-0.324520581972284
17379712,0.0931864376830292,-0.360716366245124
17399704,0.104977063340578,-0.394995773378247
17419696,0.116892534771198,-0.426562077301679
17439688,0.128169558711296,-0.459189847440916
17459680,0.138901000620799,-0.488612231720864
17479672,0.14934892137364,-0.518391360579073
17499664,0.159606872766935,-0.542794350001735
17519656,0.169219728004783,-0.566293413138826
17539648,0.178067006999898,-0.591269297216495
17559640,0.186758364774687,-0.614389229409425
17579632,0.194881473143004,-0.635560988652924
17599624,0.202329030725779,-0.657326510904724
17619616,0.209162593965971,-0.676271002241437
17639608,0.215744357091083,-0.693103924473194
17659600,0.222100196723905,-0.707874825808752
17679592,0.227393670243971,-0.721704478709893
17699584,0.232812800326601,-0.736351103107716
17719576,0.232802299314705,-0.743637541182753
17739568,0.237314892639104,-0.75531126304513
17759560,0.241318090273012,-0.76527025583456
17779552,0.244838376746391,-0.773735084939704
17799544,0.248108443021187,-0.780924904374714
17819536,0.250690672670406,-0.787185026074124
17839528,0.252826678535721,-0.791865183265766
17859520,0.254468582968488,-0.798549647301695
17879512,0.256010165229219,-0.804316475667188
17899504,0.25752770472875,-0.809297538708556
17919496,0.263917444661911,-0.81877862243021
17939488,0.264961181822862,-0.821442353128374
17959480,0.2655127235995,-0.823402449440114
17979472,0.265954496039526,-0.825885495927022
17999464,0.265549820006017,-0.828013846019623
18019456,0.264811188869785,-0.83027547209085
18039448,0.263566422762844,-0.833156599590611
18059440,0.262331167655645,-0.834324777561467
18079432,0.260832173139006,-0.835431551121844
18099424,0.259871113982488,-0.83698344364309
18119416,0.258522906782703,-0.838529133011948
18139408,0.256629423180158,-0.840005134907713
18159400,0.25476264966498,-0.842179891990997
18179392,0.252229853661517,-0.843826964140218
18199384,0.249607737246603,-0.84577813888862
18219376,0.246985049094942,-0.847543829718089
18239368,0.244030034860514,-0.849727071591324
18259360,0.240712430731134,-0.851265130582628
18279352,0.237014953066808,-0.851119077202792
18299344,0.233870312518567,-0.849738255760647
18319336,0.230170098240772,-0.847466236342686
18339328,0.226649865326228,-0.844246510825978
18359320,0.222614804212097,-0.839987363539176
18379312,0.218751204967157,-0.835240565067434
18399304,0.214810616422229,-0.830420462907157
18419296,0.210793251631964,-0.825064289981646
18439288,0.206741568211868,-0.819190449944744
18459280,0.202747189673596,-0.813141608159399
18479272,0.199015932646372,-0.808700072292772
18499264,0.194810953414543,-0.805524603106704
18519256,0.190139246194859,-0.801419650892148
18539248,0.185480188560606,-0.796656602092248
18559240,0.181093243968115,-0.791457666154637
18579232,0.176363820301584,-0.786003446980088
18599224,0.171739962333499,-0.779804222677009
18619216,0.167001487030975,-0.773785686968174
18639208,0.162426329338219,-0.767323391585919
18660033,0.157632792872843,-0.761494853744108
18680025,0.152531856649056,-0.754801448107222
18700017,0.148126213412604,-0.748475197095323
18720009,0.1443276736355,-0.743574038535257
18740001,0.140000194225557,-0.739852452810752
18759993,0.135406222038023,-0.735525374067347
18779985,0.131137138378682,-0.730782303958203
18799977,0.126812154522137,-0.725405773439233
18819969,0.122605758715016,-0.719571669689619
18839961,0.118262618828437,-0.713484219198391
18859953,0.114208096055063,-0.706578827430796
18879945,0.110202975705465,-0.700392498975616
18899937,0.106414658799959,-0.69436364641031
18919929,0.102474310818538,-0.688027124057276
18939921,0.0989052792516477,-0.681956030819724
18959913,0.0950781250879772,-0.677249720239097
18979905,0.090975411982263,-0.671691344730805
18999897,0.0869943113326089,-0.666173721431712
19019889,0.0828600224011942,-0.660271222264146
19039881,0.0791132481783903,-0.654026381236001
19059873,0.075323706002236,-0.647503619001044
19079865,0.0714472582299995,-0.640665334306185
19099857,0.0674589809529616,-0.633999477690164
19119849,0.0633880191702373,-0.627428612911075
19139841,0.0596505211672042,-0.620875762836868
19159833,0.0563511998739442,-0.614266224427196
19179825,0.0528378316275286,-0.609329094198588
19199817,0.0494146147181114,-0.603955922723961
19219809,0.0466267335961463,-0.598210530091876
19239801,0.043307205842389,-0.592400547480476
19259793,0.0401639221580207,-0.586316012654989
19279785,0.0372199565871297,-0.579947977737145
19299777,0.0346737991262805,-0.57369382964013
19319769,0.0321259610213212,-0.567322993329988
19339761,0.0292301910573945,-0.560541606577667
19359753,0.0265365622312206,-0.553586507008455
19379745,0.0239705349199534,-0.547111923668875
19399737,0.0212402486420104,-0.540428340821847
19419729,0.0182425582043996,-0.533801130647149
19439721,0.0155954829602565,-0.52682001884517
19459713,0.0128343857847178,-0.519923718844892
19479705,0.0101066422892897,-0.513378419811771
19499697,0.007285146628444,-0.506882488254766
19519689,0.00469352288753067,-0.500310738298754
19539681,0.00251462452456639,-0.493882427520885
19559673,2.85089356605428e-05,-0.487250660097881
19579665,-0.00195263044679925,-0.480674864393172
19599657,-0.00382540111911777,-0.475867412889971
19619649,-0.00599344013211229,-0.472246767881011
19639641,-0.00819478996742355,-0.468351297586343
19659633,-0.00994004825753873,-0.463770046053996
19679625,-0.0117626444425506,-0.458489522161355
19699617,-0.0130527485231434,-0.453065964354689
19719609,-0.0144495409909931,-0.447915130449947
19739601,-0.0158225555369344,-0.442402959874096
19759593,-0.0167132460581194,-0.436498121510236
19779585,-0.0176172141022573,-0.430394870601468
19799577,-0.0179272233397641,-0.422449768095557
19819569,-0.018829991191299,-0.416536658126653
19839561,-0.0192207442117135,-0.410356057447834
19859553,-0.0203289753012338,-0.404304523929247
19879545,-0.021097471158796,-0.398391516615834
19899537,-0.0223052256759508,-0.39247623002138
19919529,-0.0229877463831916,-0.386134719758963
19939521,-0.0238072408482463,-0.37983706333096
19959513,-0.0247280593445715,-0.3741539688637
19979505,-0.0258011650045617,-0.368139853395852
19999497,-0.0271778485732039,-0.363845754077347
20019489,-0.0275974628534029,-0.357536002458731
20039481,-0.0286497062490751,-0.353171778447153
20059473,-0.0291945625049956,-0.350124243743502
20079465,-0.0298156679757289,-0.345952353309836
20099457,-0.0301898588075211,-0.341868856491243
20119449,-0.030897114954106,-0.337384173149522
20139441,-0.0313071155017864,-0.332468595398098
20159433,-0.0319665967026104,-0.327364472064075
20179425,-0.0322748878784801,-0.321835476317471
20199417,-0.0327076477924758,-0.316110733296175
20219409,-0.0332823785206855,-0.310267281676864
20239401,-0.0335114430951205,-0.304054738159542
20259393,-0.0338615342441139,-0.298011304975008
20279385,-0.0342250119569455,-0.293738888531268
20299377,-0.0349440090846347,-0.28921588395013
20319369,-0.0354643427245082,-0.28419169678828
20339361,-0.036026491155778,-0.278808856193681
20359353,-0.0361884305937106,-0.272972674049497
20379345,-0.0367455104467376,-0.267410788795861
20399337,-0.0372303322478106,-0.261779410866033
20419329,-0.0376936758439217,-0.255980737174635
20439321,-0.0383628210609204,-0.250081584352064
20459313,-0.0390536633334638,-0.243701305997305
20479305,-0.0397514906768241,-0.237508479271878
20499297,-0.0396437821546289,-0.233048249300312
20519289,-0.039507976747494,-0.22973384848059
20539281,-0.0394819643251976,-0.227943518154997
20559273,-0.0400304592322965,-0.225363778513759
20579265,-0.0401625792275884,-0.22191070080012
20599257,-0.040129560558801,-0.217762309092013
20619249,-0.0401726919604122,-0.212560756513797
20639241,-0.0400135023307107,-0.207323141415436
20659233,-0.0399492542926017,-0.202021364744541
20679225,-0.0397577805968427,-0.196732705547091
20699217,-0.0395318541127474,-0.191317446178801
20719209,-0.0393712884764116,-0.185641288019667
20739201,-0.0394476949801031,-0.179847386600672
20760026,-0.0391050609893276,-0.1754392264139
20780018,-0.0388520468855518,-0.171876228583383
20800010,-0.0387537681653909,-0.169466617447503
20820002,-0.0386744456175011,-0.168663859676807
20839994,-0.0385624924510232,-0.166712891334237
20859986,-0.0380644683461426,-0.163732702813712
20879978,-0.0378229038021198,-0.159428768478462
20899970,-0.0377469514206378,-0.154881969667476
20919962,-0.037555442216173,-0.150096705748671
20939954,-0.0372138354207231,-0.144542826492479
20959946,-0.0370262342672837,-0.139156065970838
20979938,-0.0367886813439114,-0.13396509958754
20999930,-0.0369139175686302,-0.128328367960302
21019922,-0.0375898183640729,-0.155656193062427
21039914,-0.0383750609746603,-0.180108053703396
21059906,-0.0395583602170858,-0.201922582972468
21079898,-0.0403298077136533,-0.221240864383688
21099890,-0.0406837733053364,-0.238096339703587
21119882,-0.0409307609462825,-0.252812886275006
21139874,-0.0411759162553304,-0.265654806934532
21159866,-0.0413902912409807,-0.276772204504567
21179858,-0.041614955457266,-0.284527757149727
21199850,-0.0416688843386879,-0.289586556740713
21219842,-0.0409664609662862,-0.259105430667329
21239834,-0.0396196568387194,-0.229246100940402
21259826,-0.0392466797513076,-0.213498361874693
21279818,-0.038791634132025,-0.201252728371364
21299810,-0.0372854739229776,-0.184175428227204
21319802,-0.0338635322912557,-0.153381374460636
21339794,-0.0284345559397229,-0.101405427432369
21359786,-0.0206268338473289,-0.0246380068706417
21379778,-0.0106141431218881,0.0775723423059524
21399770,0.00250290276384726,0.207490189731784
21419762,0.0181246422845908,0.367040281008738
21439754,0.0360944929631983,0.55532296290469
21459746,0.0579866583187832,0.78708752063875
21479738,0.0824650416603598,1.05194688335775
21499730,0.10891090461697,1.34207251940615
21519722,0.13460234184861,1.64854138178426
21539714,0.161627311281981,1.96204113603091
21559706,0.189626657975186,2.27928284063448
21579698,0.220873039350297,2.59792522433473
21599690,0.252441352509618,2.91731489895259
21619682,0.284562086913755,3.23503540975276
21639674,0.307014714369699,3.54960734465798
21659666,0.319614245436696,3.85288434842273
21679658,0.320720301986104,4.13804478466172
21699650,0.310855528028702,4.3919403787785
21719642,0.294492784341465,4.61608804130774
21739634,0.273684647435788,4.80874027866277
21759626,0.246010972141111,4.96841258216497
21779618,0.212496204276062,5.09199524846584
21799610,0.174846883818282,5.17758600866219
21819602,0.133889460349177,5.22659921705758
21839594,0.0992866580390724,5.23942748906729
21859586,0.0736218086920492,5.22269730874149
21879578,0.0610169768999112,5.16086149310786
21899570,0.048150417831518,5.10487119523446
21919562,0.0366342465437642,5.041219508755
21939554,0.0256085071876049,4.97183816990117
21959546,0.0173818914800327,4.89852706810886
21979538,0.00840141825985477,4.82456151289994
21999530,-0.000640396840421231,4.75119356912739
22019522,-0.0108038639223155,4.67833650764923
22039514,-0.0214757431160062,4.60658011952327
22059506,-0.0331199363253042,4.53617356155228
22079498,-0.053082191097182,4.49256904538961
22099490,-0.0652852617418215,4.42518616370214
22119482,-0.0733329164224688,4.35657407329084
22139474,-0.082593949915901,4.29086001884776
22159466,-0.0928152612698973,4.2279114969407
22179458,-0.103453356726054,4.16787778927611
22199450,-0.114712761151542,4.10924128007909
22219442,-0.126648338587498,4.05195013738747
22239434,-0.138777776448158,3.99600864311738
22259426,-0.153342668836269,3.94198226110633
22279418,-0.165383837763982,3.88631346144038
22299410,-0.17506683117752,3.83297442866641
22319402,-0.184794734116965,3.77993567163069
22339394,-0.194247994192911,3.72732911200938
22359386,-0.203691278638066,3.6745946638776
22379378,-0.213456030480179,3.62188773308779
22399370,-0.22317175481046,3.56945042002294
22419362,-0.229796065792367,3.51522305278197
22439354,-0.236982044703799,3.46217812406743
22459346,-0.244032938777127,3.40986329918286
22479338,-0.251450963410511,3.35815154544843
22499330,-0.254602250154837,3.30558206500409
22519322,-0.26029042000362,3.25621162241334
22539314,-0.26635953883754,3.20687659758484
22559306,-0.269977417890257,3.15525397393453
22579298,-0.273610193706284,3.10459478140899
22599290,-0.277222298922983,3.05507057050498
22619282,-0.281205737189706,3.00552596715515
22639274,-0.285375168455946,2.95650754502117
22659266,-0.287231395794276,2.90516730764838
22679258,-0.288931595616269,2.85585715315107
22699250,-0.290078704330199,2.80882201058987
22719242,-0.29179515217352,2.76234459366059
22739234,-0.290757518210615,2.71345643042876
22759226,-0.292810375693763,2.66917155355321
22779218,-0.292449701773733,2.6219009192482
22799210,-0.290070556826023,2.57279324679518
22819202,-0.291031368171297,2.52885863089802
22840027,-0.291590911558307,2.48420170954325
22860019,-0.290756072176305,2.43824394441473
22880011,-0.288106572770382,2.3901938497643
22900003,-0.285741076573488,2.34508414655279
22919995,-0.283984498958667,2.30219864138129
22939987,-0.28260192657463,2.26037812345518
22959979,-0.278991248123013,2.21680557101022
22979971,-0.276059276782049,2.17525871081948
22999963,-0.273751423862231,2.1357958988694
23019955,-0.268867477357544,2.09453799075454
23039947,-0.262803141326241,2.05427673474378
23059939,-0.26131724275257,2.02288833561126
23079931,-0.259371529370164,1.99207777046357
23099923,-0.257125709989152,1.96396659116472
23119915,-0.253855813577858,1.93662709033842
23139907,-0.250401113763564,1.90998588941933
23159899,-0.246063489794004,1.88370739266852
23179891,-0.244179513926905,1.86218751561292
23199883,-0.243793439830161,1.8436540359424
23219875,-0.241957033807173,1.82345261917288
23239867,-0.241223275611467,1.80632542849193
23259859,-0.238989280053733,1.78717313335734
23279851,-0.238134308228927,1.77104597943135
23299843,-0.241554018391262,1.76238084053336
23319835,-0.242232387541307,1.75011041929985
23339827,-0.245796036762987,1.74327547944305
23359819,-0.251296301537378,1.74029190574346
23379811,-0.254972405219727,1.73588645256155
23399803,-0.257529090048386,1.73076282728486
23419795,-0.263878205822998,1.73348435922947
23439787,-0.2700742525911,1.73686626333518
23459779,-0.276149968535917,1.74065520707878
23479771,-0.282003640037199,1.74413362826035
23499763,-0.286959696029281,1.74471881108556
23519755,-0.291960543699763,1.74627165792675
23539747,-0.296547547016732,1.74925434336764
23559739,-0.300538824914401,1.7517816071677
23579731,-0.302840155922452,1.74952567434626
23599723,-0.304837278067951,1.74851490385341
23619715,-0.304442950826646,1.74331358091081
23639707,-0.30265105389272,1.73565486533122
23659699,-0.301190437327931,1.72987236228815
23679691,-0.298038456040629,1.72109798802218
23699683,-0.296307444237864,1.71068779395136
23719675,-0.29394967450907,1.69782127338679
23739667,-0.288258089251023,1.67859232935536
23759659,-0.281219385593932,1.65537303217442
23779651,-0.274298067075785,1.63324621561236
23799643,-0.267045043417347,1.61186204763753
23819635,-0.258618005809064,1.58573060598538
23839627,-0.24894047215314,1.55580069725621
23859619,-0.236995059016159,1.51906544269099
23879611,-0.225048804549426,1.4820989666056
23899603,-0.214750635247238,1.44535472200107
23919595,-0.204195194866523,1.40818091681982
23939587,-0.193185178132426,1.36545880772108
23959579,-0.182141339017592,1.32368692146857
23979571,-0.178025550794374,1.27478675205102
23999563,-0.165276521685753,1.22547012978682
24019555,-0.152343122481118,1.17455687488295
24039547,-0.139451710772856,1.12256947250807
24059539,-0.126718271974737,1.07017424824308
24079531,-0.114087203987969,1.01690692615137
24099523,-0.102827064271844,0.964223769185074
24119515,-0.0916964645715545,0.911237180515583
24139507,-0.0813181262183064,0.862662979323798
24159499,-0.0705739710476518,0.811794107852966
24179491,-0.0521761851579763,0.76335708235254
24199483,-0.0415596188804891,0.710998697949404
24219475,-0.0309050402862789,0.65835705633154
24239467,-0.0206351850381652,0.609488578946015
24259459,-0.0102652935217647,0.558814160657163
24279451,-4.80956453765335e-05,0.50741365868328
24299443,0.00959088863862831,0.456047072927293
24319435,0.0194514818492735,0.404660321088414
24339427,0.0291769957397295,0.353365684110385
24359419,0.0389575548940699,0.302751972540059
24379411,0.0486983470380719,0.256368126278515
24399403,0.0587457404658297,0.208885768295142
24419395,0.0684875289622853,0.164699843192201
24439387,0.0783599050245376,0.116073362044875
24459379,0.0879854715072044,0.0716329196031541
24479371,0.0984135643450279,0.02974220232478
24499363,0.107477571476797,-0.0127083258762165
24519355,0.116808673814123,-0.0528513762295808
24539347,0.126865564807032,-0.0915143009422066
24559339,0.136927084175828,-0.132176287639215
24579331,0.147053593416906,-0.171108334979441
24599323,0.156977025025238,-0.211465442022601
24619315,0.167537079855394,-0.249743328336883
24639307,0.178024743302545,-0.286576906535817
24659299,0.188501138363615,-0.324582745574796
24679291,0.198132069110763,-0.362835460878421
24699283,0.207815002588926,-0.395796407205478
24719275,0.217022837914657,-0.430384056743943
24739267,0.225565388996129,-0.465136690288364
24759259,0.234393510140286,-0.496197336682656
24779251,0.242324570593251,-0.527092593700476
24799243,0.250067392636335,-0.552659619395264
24819235,0.257036539546087,-0.579074476302431
24839227,0.26379608446341,-0.602904117402286
24859219,0.269907355984993,-0.625024829118926
24879211,0.275794831820022,-0.645283650709181
24899203,0.280905730972311,-0.66640276364887
24920028,0.286572967597862,-0.685461504528466
24940020,0.291042097864256,-0.70195762557474
24960012,0.294426910643491,-0.716776435323545
24980004,0.297781253437539,-0.73014122361359
24999996,0.300475085428827,-0.744059169936832
25019988,0.302279810660767,-0.755796098109013
25039980,0.304236137037177,-0.764534791761698
25059972,0.30572726575346,-0.774427809635594
25079964,0.306897534449025,-0.782840872085967
25099956,0.308988649318599,-0.788782489505426
25119948,0.309144893479726,-0.795861298955177
25139940,0.30971213800079,-0.802408609711047
25159932,0.310283089797593,-0.808254291866492
25179924,0.310143950234361,-0.813301316871968
25199916,0.309642858986364,-0.817827538750416
25219908,0.309282467918007,-0.821955928230711
25239900,0.307868079509068,-0.826966714350594
25259892,0.306737620932257,-0.828757400882709
25279884,0.305194035588651,-0.830410360679417
25299876,0.303170116260115,-0.83323575100375
25319868,0.30148428465,-0.833911571675752
25339860,0.299495425708507,-0.834883537881047
25359852,0.297042521651155,-0.835928630947084
25379844,0.294442782460412,-0.837926276055095
25399836,0.291790484107192,-0.83976131691383
25419828,0.28864590036997,-0.841385016662631
25439820,0.285376630551213,-0.842837239072314
25459812,0.281435066374907,-0.844552465574028
25479804,0.277604520866202,-0.846704210193703
25499796,0.274525917052388,-0.848895539521593
25519788,0.270997435390481,-0.850682470696564
25539780,0.266733959037431,-0.852470702320758
25559772,0.262516163615706,-0.852729483213646
25579764,0.258320673610121,-0.850981178991432
25599756,0.254166145313363,-0.848277608088869
25619748,0.249592601363793,-0.844778640691132
25639740,0.245026678952322,-0.840488103599447
25659732,0.240514141304656,-0.835794978435641
25679724,0.235745052469263,-0.830364430710641
25699716,0.231197734396795,-0.824742323169037
25719708,0.226598944669956,-0.818978233051461
25739700,0.222848798917587,-0.812960468578145
25759692,0.218431702418106,-0.808469689465609
25779684,0.21353857852571,-0.805186394733616
25799676,0.208316663316399,-0.80104848523896
25819668,0.203491705961808,-0.796369471398488
25839660,0.198242900860032,-0.791278121267241
25859652,0.193187393339999,-0.785505574378852
25879644,0.187872176392508,-0.77932797922698
25899636,0.183018208096972,-0.773734706141404
25919628,0.178088681308195,-0.767737046538181
25939620,0.172955073107152,-0.761658831081663
25959612,0.168275151555303,-0.755456946041307
25979604,0.163485771081961,-0.748943929873475
25999596,0.158498198297375,-0.743937833825918
26019588,0.149678253191816,-0.783789145921783
26039580,0.141454034056403,-0.816723711595027
26059572,0.13371605011271,-0.840177039502388
26079564,0.126130904443196,-0.862252552830264
26099556,0.118821513759371,-0.879561645481846
26119548,0.111906082549902,-0.892619579779489
26139540,0.105034827526246,-0.902315333497528
26159532,0.0984664585155907,-0.909159250840238
26179524,0.092482314229281,-0.913833648344668
26199516,0.0869686393770109,-0.916743464161033
26219508,0.0850158423614878,-0.87415402156421
26239500,0.0828706834988693,-0.838002570089171
26259492,0.0801433796980431,-0.809104885436218
26279484,0.077743452953135,-0.780167569270106
26299476,0.0753332771271375,-0.754458066789615
26319468,0.0724685703044195,-0.731782933284806
26339460,0.0695484305850031,-0.711369316744584
26359452,0.0664278917406244,-0.692992955217005
26379444,0.0632941594878258,-0.676642183867289
26399436,0.0598503183496267,-0.661438868425594
26419428,0.0568822104304043,-0.648118654734463
26439420,0.0538219242560622,-0.635846864275546
26459412,0.0507314864809732,-0.626539481924074
26479404,0.0474627607241552,-0.617201383069574
26499396,0.044613670341222,-0.608780943249016
26519388,0.0420663919089111,-0.600711918184501
26539380,0.0398099321102938,-0.59320730321168
26559372,0.0373478698119882,-0.585917712357132
26579364,0.0348617009704691,-0.578406936007264
26599356,0.0325972411776412,-0.57143143306597
26619348,0.0298736175463967,-0.564334519570859
26639340,0.0272425771092566,-0.557414109802624
26659332,0.0249784173158862,-0.550298185439965
26679324,0.0222649714778144,-0.5455400328467
26699316,0.0195414507478904,-0.540033520837663
26719308,0.0169580239719237,-0.534299921671384
26739300,0.0139590797968812,-0.528268525628552
26759292,0.0112613972384094,-0.522097697018753
26779284,0.00862223996859506,-0.515608164540173
26799276,0.00581451675791516,-0.509365527688403
26819268,0.00376140400350591,-0.502646257773801
26839260,0.00149132360519676,-0.495784620084254
26859252,-0.000717478756798895,-0.489309389778815
26879244,-0.00253909774177728,-0.482269581620688
26899236,-0.0044633773139202,-0.477949988918052
26919228,-0.00627187120002369,-0.473065660155161
26939220,-0.00807059627697883,-0.467844773182124
26959212,-0.00987258825131054,-0.462389644929752
26979204,-0.0115248909888737,-0.456807673480856
27000029,-0.012933539962215,-0.451093661467398
27020021,-0.0147677279108724,-0.445238282074131
27040013,-0.016065529175146,-0.439488779466407
27060005,-0.0174818817188289,-0.43346042876097
27079997,-0.0183160218421645,-0.427600751155801
27099989,-0.0193096517112248,-0.421311647695434
27119981,-0.0206993539365611,-0.416974021254293
27139973,-0.0217235554428474,-0.411981949086193
27159965,-0.022578580788105,-0.4067133463602
27179957,-0.0237131420105957,-0.401284746316991
27199949,-0.0246480935008869,-0.395336977068804
27219941,-0.0254782110704015,-0.389545918252887
27239933,-0.0261866229652817,-0.383660956624756
27259925,-0.027050609000712,-0.377330102639519
27279917,-0.0283187639318758,-0.37090478340241
27299909,-0.0291492649580227,-0.36496438886042
27319901,-0.0299709877689558,-0.358857529219123
27339893,-0.0306683079259542,-0.35449420298999
27359885,-0.0317061021226409,-0.349726780772517
27379877,-0.0321183330066633,-0.344636388355299
27399869,-0.0327304592284537,-0.339179644108993
27419861,-0.0334485773286272,-0.333456080284748
27439853,-0.0345877739060766,-0.327432525385014
27459845,-0.0355363894038053,-0.321448249032147
27479837,-0.0361511725047841,-0.31557486359582
27499829,-0.0367723271622391,-0.30939370436164
27519821,-0.0372190757248147,-0.303105340043655
27539813,-0.0378940580924672,-0.29676529308894
27559805,-0.0382014386844107,-0.292030592927877
27579797,-0.0389677831485516,-0.289088730740466
27599789,-0.0395233684325357,-0.285504269871591
27619781,-0.0402381347510244,-0.281234038297641
27639773,-0.0404421112245019,-0.276282945199883
27659765,-0.0406948929739537,-0.271229850362224
27679757,-0.0413817628771971,-0.265738572818471
27699749,-0.0415742644609806,-0.260248289687354
27719741,-0.0416677354055212,-0.254425361577359
27739733,-0.0417094502404471,-0.248690758204741
27759725,-0.0419257379884961,-0.242810140912674
27779717,-0.0421990078390461,-0.236349858662518
27799709,-0.0423691882291584,-0.231597848273679
27819701,-0.0419350871131129,-0.228184248928744
27839693,-0.0425296139734829,-0.226450532161462
27859685,-0.0424005058701252,-0.223468457567889
27879677,-0.0421732025808485,-0.219930642691407
27899669,-0.0420488653436632,-0.215585782841667
27919661,-0.0419094606762286,-0.21109783554841
27939653,-0.0421538240444526,-0.2058332272813
27959645,-0.0422984037064125,-0.200273968602038
27979637,-0.042282459578863,-0.194511637620128
27999629,-0.0431722226407378,-0.188703238075466
28019621,-0.0441970867335243,-0.182718973417623
28039613,-0.0449851657848064,-0.175804637386468
28059605,-0.0465518284170892,-0.170712335724969
28079597,-0.048464964333934,-0.166624164821583
28099589,-0.0511287126742239,-0.164155278033268
28119581,-0.0544435335833017,-0.161779719091524
28139573,-0.0539384911748869,-0.15970359224366
28159565,-0.0578342845451946,-0.158534328837711
28179557,-0.0625620327487646,-0.157614208819243
28199549,-0.0674105830167435,-0.157337149854393
28219541,-0.0726731931537761,-0.155427170435871
28239533,-0.0775074948955323,-0.147772849835175
28259525,-0.0838291327705802,-0.155619369982038
28279517,-0.0901014460577404,-0.157177887867484
28299509,-0.0951931663021425,-0.153534791001682
28319501,-0.100264915951807,-0.146561925921281
28339493,-0.109689446573087,-0.136889686471418
28359485,-0.115659456646018,-0.124331205486981
28379477,-0.121322106896604,-0.109833645822886
28399469,-0.12708734564226,-0.0937531491209775
28419461,-0.133570142265991,-0.0785964197804088
28439453,-0.140323350094782,-0.0689431954317788
28459445,-0.146063510648668,-0.0431373194210141
28479437,-0.152452480975917,-0.0237899929016341
28499429,-0.157539595051662,-0.00920164458010869
28519421,-0.163087896647683,0.00163026547831359
28539413,-0.168634562250374,0.00934152670621139
28559405,-0.174026684886664,0.0145055626239487
28579397,-0.179828290142211,0.0176343524987072
28599389,-0.18521623243427,0.0196745366887907
28619381,-0.190455536858232,0.0206687652307565
28639373,-0.19613988800989,0.0207535604933615
28659365,-0.201784348510164,0.0203148337764012
28679357,-0.206834270407413,0.0198118655535419
28699349,-0.211703985976692,0.0185958695466447
28719341,-0.216155085429968,0.0174494438511688
28739333,-0.220526750515142,0.0161309092877728
28759325,-0.224792028543029,0.014898000174126
28779317,-0.22878456107986,0.0136780658456068
28799309,-0.233406532227014,0.0126399827901626
28819301,-0.237430550874748,0.011301182302216
28839293,-0.241060006048548,0.0100402864417986
28859285,-0.245004818548793,0.00904970212647281
28879277,-0.248902696032558,0.00806267636970121
28899269,-0.251810017927313,0.00808555043903921
28919261,-0.254902517462334,0.00780778017673561
28939253,-0.257805215419245,0.00772943884285421
28959245,-0.260558015720941,0.00767393820128556
28979237,-0.263166856005775,0.00787516744240445
28999229,-0.2652944384368,0.00776214610998076
29019221,-0.267367670466237,0.00788170880235802
29039213,-0.269522713611877,0.00839916311123087
29059205,-0.271265802494927,0.00851817190400783
29080030,-0.274774518280634,0.0089418107648884
29100022,-0.275902261359734,0.00921814484995428
29120014,-0.276796299405498,0.00979204022269604
29140006,-0.277355979175695,0.0100900267437509
29159998,-0.278218213521969,0.0103904250692182
29179990,-0.278438534711198,0.0105123628943729
29199982,-0.278718448200278,0.0110382898397381
29219974,-0.27874833512149,0.0114231540078631
29239966,-0.278767733838382,0.0118398036862952
29259958,-0.278540071750029,0.0123085927350203
29279950,-0.276255059231163,0.0124293502668268
29299942,-0.275383994149826,0.0129882056268296
29319934,-0.274383074783439,0.0132862231739423
29339926,-0.273623311740971,0.0138653132739308
29359918,-0.272055898378874,0.0144670397213172
29379910,-0.270949978818328,0.0148809156243302
29399902,-0.269144712571167,0.0151863593309359
29419894,-0.267490996554941,0.0158382003101792
29439886,-0.265454099295068,0.0161830376550802
29459878,-0.263078842183384,0.0166034092887333
29479870,-0.260453166253966,0.0169144140995451
29499862,-0.257933293844241,0.0179413354819038
29519854,-0.255028975677898,0.0191460186723064
29539846,-0.251545802691842,0.0202065346821224
29559838,-0.24847906324796,0.0210867792920139
29579830,-0.244852443634323,0.0220788489818567
29599822,-0.241174939944253,0.0228983147215471
29619814,-0.237433704073405,0.0238290192034518
29639806,-0.233245407272168,0.0248062796576076
29659798,-0.229021856753023,0.0254846259019324
29679790,-0.224718378747282,0.0263619828531267
29699782,-0.220055622724682,0.0272825320409021
29719774,-0.215260906000278,0.0279328347462995
29739766,-0.210454222299461,0.0286740643246578
29759758,-0.204964257867409,0.0296271145411861
29779750,-0.19944055975283,0.0303703967226793
29799742,-0.193892530379222,0.0312202260261563
29819734,-0.187850959600014,0.0316144207507945
29839726,-0.181844229010178,0.031992133001284
29859718,-0.175842014222185,0.0323936792092821
29879710,-0.16971199510594,0.0328513593878414
29899702,-0.163357255103586,0.0337057904560965
29919694,-0.157030046288515,0.0346718751326993
29939686,-0.150276654594314,0.0355824462414684
29959678,-0.143642808294016,0.0360861707982953
29979670,-0.137156779216853,0.0367868797283814
29999662,-0.130014675055457,0.0372373533356735
30019654,-0.122925839494902,0.0381464528170057
30039646,-0.115604281004644,0.0388419533355609
30059638,-0.107830073391449,0.039975975723954
30079630,-0.10013758081061,0.0409734989363877
30099622,-0.0929158843115613,0.0420655501475187
30119614,-0.0848758999313031,0.0430490790337299
30139606,-0.0772157923369478,0.0438513015366106
30159598,-0.0691969783458031,0.0446467639523039
30179590,-0.0604724369141433,0.0453414748108166
30199582,-0.0520881835130113,0.0461126787516757
30219574,-0.0326662000817107,0.046550171859726
30239566,-0.0239508720369692,0.0474416008417339
30259558,-0.0149858085713694,0.0478708528454466
30279550,-0.0056215335096367,0.0480899280642105
30299542,0.00362839270023452,0.048506512674709
30319534,0.0128608815204127,0.0486579894237452
30339526,0.0224598327927134,0.0489334787538901
30359518,0.0322327098701573,0.0494418611675958
30379510,0.0418889422925424,0.0499693066323856
30399502,0.0519078387496065,0.0504871274025029
30419494,0.0514374936811173,0.0509120782133571
30439486,0.0617628570233263,0.0510412633086401
30459478,0.0721274061453629,0.0514771070441307
30479470,0.0826316748483886,0.0518310594480356
30499462,0.0931232340086496,0.0525019513722807
30519454,0.10301906789215,0.0534890211931874
30539446,0.113394602313262,0.0539986418247881
30559438,0.123171071481864,0.0547865747576171
30579430,0.132647198720256,0.0550941914834311
30599422,0.142106599182307,0.055833544601198
30619414,0.15139950057563,0.0565632093257972
30639406,0.160209245275353,0.0571358444819488
30659398,0.168645255797518,0.0574209616623168
30679390,0.176719579352198,0.0579113539192248
30699382,0.183800049096526,0.0585739612266916
